Workbook

Sheet jd

Sheet KPI AM
A1: บริษัทสมมติ จำกัด
A5: ตำแหน่ง | B5: ฝ่าย/แผนก | C5: รหัสพนักงาน | D5: ชื่อ นามสกุล
A6: ตำแหน่งสมมติ | B6: แผนกสมมติ | C6: SYN-E01 | D6: ทดสอบ พนักงานหนึ่ง
A8: ส่วนที่ 1 : การประเมินผลงานที่สามารถวัดเป็นตัวเลขได้
K9: มกราคม | N9: กุมภาพันธ์ | Q9: มีนาคม | T9: เมษายน | W9: พฤษภาคม | Z9: มิถุนายน | AC9: กรกฎาคม | AF9: สิงหาคม | AI9: กันยายน | AL9: ตุลาคม | AO9: พฤศจิกายน | AR9: ธันวาคม
A10: หัวข้อการประเมินผลงาน | D10: น้ำหนัก(1) | K10: ที่ทำได้ | N10: ที่ทำได้ | Q10: ที่ทำได้ | T10: ที่ทำได้ | W10: ที่ทำได้ | Z10: ที่ทำได้ | AC10: ที่ทำได้ | AF10: ที่ทำได้ | AI10: ที่ทำได้ | AL10: ที่ทำได้ | AO10: ที่ทำได้ | AR10: ที่ทำได้
A12: 1.บรรลุเป้าหมายการต่อสัญญา | D12: 30 | K12: =สรุปทั้งปี69!Q5 -> 0.95 | N12: 0.5
A13: 2. จำนวนรายการปรับเพิ่มมูลค่าสัญญา | D13: 5 | K13: ='ม.ค.69'!S42 -> 0.2075 | N13: 0.5
A14: 3. มูลค่าไม่ต่อสัญญา | D14: 20
A15: 4.ขายเพิ่มผลิตภัณฑ์และบริการในลูกค้าเดิม | D15: 10 | N15: 0.875
A16: 5.เข้าเยี่ยมลูกค้าตามKPIที่บริษัทกำหนด | D16: 5 | N16: 1
A17: 6.อัตราคงค้างสัญญาตัวจริงนำกลับ | D17: 10 | N17: 0.95
A18: รวมคะแนนส่วนที่ 1 | D18: =SUM(D12:D17) -> 80
A20: ส่วนที่ 2 : พฤติกรรมในการทำงาน | K20: มกราคม | N20: กุมภาพันธ์ | Q20: มีนาคม | T20: เมษายน | W20: พฤษภาคม | Z20: มิถุนายน | AC20: กรกฎาคม | AF20: สิงหาคม | AI20: กันยายน | AL20: ตุลาคม | AO20: พฤศจิกายน | AR20: ธันวาคม
A22: หัวข้อประมิน | D22: น้ำหนัก(1) | K22: ที่ทำได้ | N22: ที่ทำได้ | Q22: ที่ทำได้ | T22: ที่ทำได้ | W22: ที่ทำได้ | Z22: ที่ทำได้ | AC22: ที่ทำได้ | AF22: ที่ทำได้ | AI22: ที่ทำได้ | AL22: ที่ทำได้ | AO22: ที่ทำได้ | AR22: ที่ทำได้
A24: 1.ความรู้เชิงชีวของแมลงและการใช้สารเคมีอย่างถูกต้อง | D24: 4 | N24: 4
A25: 2.ความรู้ด้านสินค้าและผลิตภัณฑ์ | D25: 4 | N25: 5
A26: 3.ทักษะด้านการสื่อสาร | D26: 4 | N26: 3
A27: 4.บริหารจัดการด้านข้อมูลและคอมพิวเตอร์ | D27: 4 | N27: 4
A28: 5.บุคลิกภาพที่ดี | D28: 4 | N28: 5
A29: รวมคะแนนส่วนที่ 2 | D29: =SUM(D24:D28) -> 20

Sheet แผนการตรวจเยี่ยม

Sheet สรุปทั้งปี69
B2: เดือน | C2: Budget | D2: Portfolio(มูลค่า) | Q2: R
D3: Renew | G3: Total R | H3: Budget | I3: New | L3: Total N | Q3: %
D4: Renew 1Y | E4: Renew 2Y | F4: Renew Bait 3Y | I4: New 1Y | J4: New 2Y | K4: New Bait 3Y
B5: มกราคม | C5: ='ม.ค.69'!O41 -> 500000 | D5: ='ม.ค.69'!D78 -> 300000 | E5: ='ม.ค.69'!D79 -> 150000 | F5: ='ม.ค.69'!D80 -> 25000 | G5: =SUM(D5:F5) -> 475000 | I5: 77777 | L5: =SUM(I5:K5) -> 77777 | Q5: =G5/C5 -> 0.95
B6: กุมภาพันธ์ | C6: ='ก.พ.69'!O41 -> 200000 | D6: ='ก.พ.69'!D78 -> 99990 | E6: ='ก.พ.69'!D79 -> 100000 | F6: ='ก.พ.69'!D80 -> 0 | G6: =SUM(D6:F6) -> 199990 | I6: 77777 | L6: =SUM(I6:K6) -> 77777 | Q6: =G6/C6 -> 0.99995
B7: มีนาคม | C7: ='มี.ค.69'!O41 -> 100000 | D7: ='มี.ค.69'!D78 -> 60000 | E7: ='มี.ค.69'!D79 -> 40000 | F7: ='มี.ค.69'!D80 -> 0 | G7: =SUM(D7:F7) -> 100000 | I7: 77777 | L7: =SUM(I7:K7) -> 77777 | Q7: =G7/C7 -> 1
B8: เมษายน | C8: ='เม.ษ.69'!O41 -> 300000 | D8: ='เม.ษ.69'!D78 -> 200000 | E8: ='เม.ษ.69'!D79 -> 100000 | F8: ='เม.ษ.69'!D80 -> 30000 | G8: =SUM(D8:F8) -> 330000 | I8: 77777 | L8: =SUM(I8:K8) -> 77777 | Q8: =G8/C8 -> 1.1
B9: พฤษภาคม | C9: ='พ.ค.69'!O41 -> 400000 | D9: ='พ.ค.69'!D78 -> 300000 | E9: ='พ.ค.69'!D79 -> 40000 | F9: ='พ.ค.69'!D80 -> 0 | G9: =SUM(D9:F9) -> 340000 | I9: 77777 | L9: =SUM(I9:K9) -> 77777 | Q9: =G9/C9 -> 0.85
B10: มิถุนายน | C10: ='มิ.ย.69'!O40 -> 250000 | D10: ='มิ.ย.69'!D77 -> 50000 | E10: ='มิ.ย.69'!D78 -> 50000 | F10: ='มิ.ย.69'!D79 -> 0 | G10: =SUM(D10:F10) -> 100000 | I10: 77777 | L10: =SUM(I10:K10) -> 77777 | Q10: =G10/C10 -> 0.4
B11: กรกฎาคม | C11: ='ก.ค.69'!O41 -> 100000 | D11: ='ก.ค.69'!D78 -> 0 | E11: ='ก.ค.69'!D79 -> 0 | F11: ='ก.ค.69'!D80 -> 0 | G11: =SUM(D11:F11) -> 0 | I11: 77777 | L11: =SUM(I11:K11) -> 77777 | Q11: =G11/C11 -> 0
B12: สิงหาคม | C12: ='ส.ค.69 '!O41 -> 0 | D12: ='ส.ค.69 '!D78 -> 0 | E12: ='ส.ค.69 '!D79 -> 0 | F12: ='ส.ค.69 '!D80 -> 0 | G12: =SUM(D12:F12) -> 0 | I12: 0 | L12: =SUM(I12:K12) -> 0 | Q12: =G12/C12 -> #DIV/0!
B13: กันยายน | C13: ='ก.ย.69'!O41 -> 0 | D13: ='ก.ย.69'!D78 -> 0 | E13: ='ก.ย.69'!D79 -> 0 | F13: ='ก.ย.69'!D80 -> 0 | G13: =SUM(D13:F13) -> 0 | I13: 0 | L13: =SUM(I13:K13) -> 0 | Q13: =G13/C13 -> #DIV/0!
B14: ตุลาคม | C14: ='ต.ค.69'!O41 -> 0 | D14: ='ต.ค.69'!D78 -> 0 | E14: ='ต.ค.69'!D79 -> 0 | F14: ='ต.ค.69'!D80 -> 0 | G14: =SUM(D14:F14) -> 0 | I14: 0 | L14: =SUM(I14:K14) -> 0 | Q14: =G14/C14 -> #DIV/0!
B15: พฤศจิกายน | C15: ='พ.ย.69'!O41 -> 0 | D15: ='พ.ย.69'!D78 -> 0 | E15: ='พ.ย.69'!D79 -> 0 | F15: ='พ.ย.69'!D80 -> 0 | G15: =SUM(D15:F15) -> 0 | I15: 0 | L15: =SUM(I15:K15) -> 0 | Q15: =G15/C15 -> #DIV/0!
B16: ธันวาคม | C16: ='ธ.ค.69'!O41 -> 0 | D16: ='ธ.ค.69'!D78 -> 0 | E16: ='ธ.ค.69'!D79 -> 0 | F16: ='ธ.ค.69'!D80 -> 0 | G16: =SUM(D16:F16) -> 0 | I16: 0 | L16: =SUM(I16:K16) -> 0 | Q16: =G16/C16 -> #DIV/0!
B20: เดือน | C20: Budget | D20: Portfolio(จำนวนราย) | Q20: R
D21: Renew | G21: Total R | Q21: %
D22: Renew 1Y | E22: Renew 2Y | F22: Renew Bait 3Y
B23: มกราคม | C23: 5 | D23: 4 | G23: =SUM(D23:F23) -> 4 | Q23: =G23/C23 -> 0.8
B24: กุมภาพันธ์ | C24: 5 | D24: 4 | G24: =SUM(D24:F24) -> 4 | Q24: =G24/C24 -> 0.8
B25: มีนาคม | C25: 5 | D25: 4 | G25: =SUM(D25:F25) -> 4 | Q25: =G25/C25 -> 0.8
B26: เมษายน | C26: 5 | D26: 4 | G26: =SUM(D26:F26) -> 4 | Q26: =G26/C26 -> 0.8
B27: พฤษภาคม | C27: 5 | D27: 4 | G27: =SUM(D27:F27) -> 4 | Q27: =G27/C27 -> 0.8
B28: มิถุนายน | C28: 5 | D28: 4 | G28: =SUM(D28:F28) -> 4 | Q28: =G28/C28 -> 0.8
B29: กรกฎาคม | C29: 5 | D29: 4 | G29: =SUM(D29:F29) -> 4 | Q29: =G29/C29 -> 0.8
B30: สิงหาคม | C30: 5 | D30: 4 | G30: =SUM(D30:F30) -> 4 | Q30: =G30/C30 -> 0.8
B31: กันยายน | C31: 5 | D31: 4 | G31: =SUM(D31:F31) -> 4 | Q31: =G31/C31 -> 0.8
B32: ตุลาคม | C32: 5 | D32: 4 | G32: =SUM(D32:F32) -> 4 | Q32: =G32/C32 -> 0.8
B33: พฤศจิกายน | C33: 5 | D33: 4 | G33: =SUM(D33:F33) -> 4 | Q33: =G33/C33 -> 0.8
B34: ธันวาคม | C34: 5 | D34: 4 | G34: =SUM(D34:F34) -> 4 | Q34: =G34/C34 -> 0.8

Sheet ม.ค.69
A3: เลขที่สัญญา | O3: ราคาเดิม | P3: GP% | Q3: ราคาใหม่ | R3: ราคาสรุป | S3: ผลต่าง | AB3: Renew 1Y | AC3: Renew 2Y | AD3: Renew Bait 3Y
O5: =Port26!S3 -> 100000 | R5: 203750 | S5: =R5-O5 -> 103750 | AB5: 300000 | AC5: 150000 | AD5: 25000
O6: =Port26!S4 -> 100000 | R6: 100000 | S6: =R6-O6 -> 0
O7: =Port26!S5 -> 100000 | R7: 100000 | S7: =R7-O7 -> 0
O8: =Port26!S6 -> 100000 | R8: 100000 | S8: =R8-O8 -> 0
O9: =Port26!S7 -> 100000 | R9: 100000 | S9: =R9-O9 -> 0
S10: =R10-O10 -> 0
S11: =R11-O11 -> 0
S12: =R12-O12 -> 0
S13: =R13-O13 -> 0
S14: =R14-O14 -> 0
S15: =R15-O15 -> 0
S16: =R16-O16 -> 0
S17: =R17-O17 -> 0
S18: =R18-O18 -> 0
S19: =R19-O19 -> 0
S20: =R20-O20 -> 0
S21: =R21-O21 -> 0
... S39: =R39-O39 -> 0
O41: =SUM(O5:O39) -> 500000 | R41: =SUM(R5:R39) -> 603750 | S41: =SUM(S5:S39) -> 103750 | AB41: =SUM(AB5:AB39) -> 300000 | AC41: =SUM(AC5:AC39) -> 150000 | AD41: =SUM(AD5:AD39) -> 25000
R42: =R41/$O$41 -> 1.2075 | S42: =S41/$O$41 -> 0.2075
B76: Renew ในเดือน
B77: Budget Renew | D77: =O41 -> 500000
D78: =AB41 -> 300000
D79: =AC41 -> 150000
D80: =AD41 -> 25000
D81: =SUM(D78:D80) -> 475000

Sheet ก.พ.69
A3: เลขที่สัญญา | O3: ราคาเดิม | P3: GP% | Q3: ราคาใหม่ | R3: ราคาสรุป | S3: ผลต่าง | AB3: Renew 1Y | AC3: Renew 2Y | AD3: Renew Bait 3Y
O5: =Port26!S8 -> 100000 | R5: 141980 | S5: =R5-O5 -> 41980 | AB5: 99990 | AC5: 100000
O6: =Port26!S9 -> 100000 | R6: 100000 | S6: =R6-O6 -> 0
S7: =R7-O7 -> 0
S8: =R8-O8 -> 0
S9: =R9-O9 -> 0
S10: =R10-O10 -> 0
S11: =R11-O11 -> 0
S12: =R12-O12 -> 0
S13: =R13-O13 -> 0
S14: =R14-O14 -> 0
S15: =R15-O15 -> 0
S16: =R16-O16 -> 0
S17: =R17-O17 -> 0
S18: =R18-O18 -> 0
... S39: =R39-O39 -> 0
O41: =SUM(O5:O39) -> 200000 | R41: =SUM(R5:R39) -> 241980 | S41: =SUM(S5:S39) -> 41980 | AB41: =SUM(AB5:AB39) -> 99990 | AC41: =SUM(AC5:AC39) -> 100000 | AD41: =SUM(AD5:AD39) -> 0
R42: =R41/$O$41 -> 1.2099 | S42: =S41/$O$41 -> 0.2099
B76: Renew ในเดือน
B77: Budget Renew | D77: =O41 -> 200000
D78: =AB41 -> 99990
D79: =AC41 -> 100000
D80: =AD41 -> 0
D81: =SUM(D78:D80) -> 199990

Sheet มี.ค.69
A3: เลขที่สัญญา | O3: ราคาเดิม | P3: GP% | Q3: ราคาใหม่ | R3: ราคาสรุป | S3: ผลต่าง | AB3: Renew 1Y | AC3: Renew 2Y | AD3: Renew Bait 3Y
O5: =Port26!S10 -> 50000 | R5: 70000 | S5: =R5-O5 -> 20000 | AB5: 60000 | AC5: 40000
O6: =Port26!S11 -> 50000 | R6: 50000 | S6: =R6-O6 -> 0
S7: =R7-O7 -> 0
S8: =R8-O8 -> 0
S9: =R9-O9 -> 0
S10: =R10-O10 -> 0
S11: =R11-O11 -> 0
S12: =R12-O12 -> 0
S13: =R13-O13 -> 0
S14: =R14-O14 -> 0
S15: =R15-O15 -> 0
S16: =R16-O16 -> 0
S17: =R17-O17 -> 0
S18: =R18-O18 -> 0
... S39: =R39-O39 -> 0
O41: =SUM(O5:O39) -> 100000 | R41: =SUM(R5:R39) -> 120000 | S41: =SUM(S5:S39) -> 20000 | AB41: =SUM(AB5:AB39) -> 60000 | AC41: =SUM(AC5:AC39) -> 40000 | AD41: =SUM(AD5:AD39) -> 0
R42: =R41/$O$41 -> 1.2 | S42: =S41/$O$41 -> 0.2
B76: Renew ในเดือน
B77: Budget Renew | D77: =O41 -> 100000
D78: =AB41 -> 60000
D79: =AC41 -> 40000
D80: =AD41 -> 0
D81: =SUM(D78:D80) -> 100000

Sheet เม.ษ.69
A3: เลขที่สัญญา | O3: ราคาเดิม | P3: GP% | Q3: ราคาใหม่ | R3: ราคาสรุป | S3: ผลต่าง | AB3: Renew 1Y | AC3: Renew 2Y | AD3: Renew Bait 3Y
O5: =Port26!S12 -> 150000 | R5: 196470 | S5: =R5-O5 -> 46470 | AB5: 200000 | AC5: 100000 | AD5: 30000
O6: =Port26!S13 -> 150000 | R6: 150000 | S6: =R6-O6 -> 0
S7: =R7-O7 -> 0
S8: =R8-O8 -> 0
S9: =R9-O9 -> 0
S10: =R10-O10 -> 0
S11: =R11-O11 -> 0
S12: =R12-O12 -> 0
S13: =R13-O13 -> 0
S14: =R14-O14 -> 0
S15: =R15-O15 -> 0
S16: =R16-O16 -> 0
S17: =R17-O17 -> 0
S18: =R18-O18 -> 0
... S39: =R39-O39 -> 0
O41: =SUM(O5:O39) -> 300000 | R41: =SUM(R5:R39) -> 346470 | S41: =SUM(S5:S39) -> 46470 | AB41: =SUM(AB5:AB39) -> 200000 | AC41: =SUM(AC5:AC39) -> 100000 | AD41: =SUM(AD5:AD39) -> 30000
R42: =R41/$O$41 -> 1.1549 | S42: =S41/$O$41 -> 0.1549
B76: Renew ในเดือน
B77: Budget Renew | D77: =O41 -> 300000
D78: =AB41 -> 200000
D79: =AC41 -> 100000
D80: =AD41 -> 30000
D81: =SUM(D78:D80) -> 330000

Sheet พ.ค.69
A3: เลขที่สัญญา | O3: ราคาเดิม | P3: GP% | Q3: ราคาใหม่ | R3: ราคาสรุป | S3: ผลต่าง | AB3: Renew 1Y | AC3: Renew 2Y | AD3: Renew Bait 3Y
O5: =Port26!S14 -> 200000 | R5: 229960 | S5: =R5-O5 -> 29960 | AB5: 300000 | AC5: 40000
O6: =Port26!S15 -> 200000 | R6: 200000 | S6: =R6-O6 -> 0
S7: =R7-O7 -> 0
S8: =R8-O8 -> 0
S9: =R9-O9 -> 0
S10: =R10-O10 -> 0
S11: =R11-O11 -> 0
S12: =R12-O12 -> 0
S13: =R13-O13 -> 0
S14: =R14-O14 -> 0
S15: =R15-O15 -> 0
S16: =R16-O16 -> 0
S17: =R17-O17 -> 0
S18: =R18-O18 -> 0
... S39: =R39-O39 -> 0
O41: =SUM(O5:O39) -> 400000 | R41: =SUM(R5:R39) -> 429960 | S41: =SUM(S5:S39) -> 29960 | AB41: =SUM(AB5:AB39) -> 300000 | AC41: =SUM(AC5:AC39) -> 40000 | AD41: =SUM(AD5:AD39) -> 0
R42: =R41/$O$41 -> 1.0749 | S42: =S41/$O$41 -> 0.0749
B76: Renew ในเดือน
B77: Budget Renew | D77: =O41 -> 400000
D78: =AB41 -> 300000
D79: =AC41 -> 40000
D80: =AD41 -> 0
D81: =SUM(D78:D80) -> 340000

Sheet มิ.ย.69
A3: เลขที่สัญญา | O3: ราคาเดิม | P3: GP% | Q3: ราคาใหม่ | R3: ราคาสรุป | S3: ผลต่าง | AB3: Renew 1Y | AC3: Renew 2Y | AD3: Renew Bait 3Y
O5: =Port26!S16 -> 125000 | R5: 267500 | S5: =R5-O5 -> 142500 | AB5: 50000 | AC5: 50000
O6: =Port26!S17 -> 125000 | R6: 125000 | S6: =R6-O6 -> 0
S7: =R7-O7 -> 0
S8: =R8-O8 -> 0
S9: =R9-O9 -> 0
S10: =R10-O10 -> 0
S11: =R11-O11 -> 0
S12: =R12-O12 -> 0
S13: =R13-O13 -> 0
S14: =R14-O14 -> 0
S15: =R15-O15 -> 0
S16: =R16-O16 -> 0
S17: =R17-O17 -> 0
S18: =R18-O18 -> 0
... S38: =R38-O38 -> 0
O40: =SUM(O5:O38) -> 250000 | R40: =SUM(R5:R38) -> 392500 | S40: =SUM(S5:S38) -> 142500 | AB40: =SUM(AB5:AB38) -> 50000 | AC40: =SUM(AC5:AC38) -> 50000 | AD40: =SUM(AD5:AD38) -> 0
R41: =R40/$O$40 -> 1.57 | S41: =S40/$O$40 -> 0.57
B75: Renew ในเดือน
B76: Budget Renew | D76: =O40 -> 250000
D77: =AB40 -> 50000
D78: =AC40 -> 50000
D79: =AD40 -> 0
D80: =SUM(D77:D79) -> 100000

Sheet ก.ค.69
A3: เลขที่สัญญา | O3: ราคาเดิม | P3: GP% | Q3: ราคาใหม่ | R3: ราคาสรุป | S3: ผลต่าง | AB3: Renew 1Y | AC3: Renew 2Y | AD3: Renew Bait 3Y
O5: =Port26!S18 -> 100000 | S5: =R5-O5 -> -100000
S6: =R6-O6 -> 0
S7: =R7-O7 -> 0
S8: =R8-O8 -> 0
S9: =R9-O9 -> 0
S10: =R10-O10 -> 0
S11: =R11-O11 -> 0
S12: =R12-O12 -> 0
S13: =R13-O13 -> 0
S14: =R14-O14 -> 0
S15: =R15-O15 -> 0
S16: =R16-O16 -> 0
S17: =R17-O17 -> 0
... S39: =R39-O39 -> 0
O41: =SUM(O5:O39) -> 100000 | R41: =SUM(R5:R39) -> 0 | S41: =SUM(S5:S39) -> -100000 | AB41: =SUM(AB5:AB39) -> 0 | AC41: =SUM(AC5:AC39) -> 0 | AD41: =SUM(AD5:AD39) -> 0
R42: =R41/$O$41 -> 0 | S42: =S41/$O$41 -> -1
B76: Renew ในเดือน
B77: Budget Renew | D77: =O41 -> 100000
D78: =AB41 -> 0
D79: =AC41 -> 0
D80: =AD41 -> 0
D81: =SUM(D78:D80) -> 0

Sheet ส.ค.69 
A3: เลขที่สัญญา | O3: ราคาเดิม | P3: GP% | Q3: ราคาใหม่ | R3: ราคาสรุป | S3: ผลต่าง | AB3: Renew 1Y | AC3: Renew 2Y | AD3: Renew Bait 3Y
S5: =R5-O5 -> 0
S6: =R6-O6 -> 0
S7: =R7-O7 -> 0
S8: =R8-O8 -> 0
S9: =R9-O9 -> 0
S10: =R10-O10 -> 0
S11: =R11-O11 -> 0
S12: =R12-O12 -> 0
S13: =R13-O13 -> 0
S14: =R14-O14 -> 0
S15: =R15-O15 -> 0
S16: =R16-O16 -> 0
... S39: =R39-O39 -> 0
O41: =SUM(O5:O39) -> 0 | R41: =SUM(R5:R39) -> 0 | S41: =SUM(S5:S39) -> 0 | AB41: =SUM(AB5:AB39) -> 0 | AC41: =SUM(AC5:AC39) -> 0 | AD41: =SUM(AD5:AD39) -> 0
R42: =R41/$O$41 -> #DIV/0! | S42: =S41/$O$41 -> #DIV/0!
B76: Renew ในเดือน
B77: Budget Renew | D77: =O41 -> 0
D78: =AB41 -> 0
D79: =AC41 -> 0
D80: =AD41 -> 0
D81: =SUM(D78:D80) -> 0

Sheet ก.ย.69
A3: เลขที่สัญญา | O3: ราคาเดิม | P3: GP% | Q3: ราคาใหม่ | R3: ราคาสรุป | S3: ผลต่าง | AB3: Renew 1Y | AC3: Renew 2Y | AD3: Renew Bait 3Y
S5: =R5-O5 -> 0
S6: =R6-O6 -> 0
S7: =R7-O7 -> 0
S8: =R8-O8 -> 0
S9: =R9-O9 -> 0
S10: =R10-O10 -> 0
S11: =R11-O11 -> 0
S12: =R12-O12 -> 0
S13: =R13-O13 -> 0
S14: =R14-O14 -> 0
S15: =R15-O15 -> 0
S16: =R16-O16 -> 0
... S39: =R39-O39 -> 0
O41: =SUM(O5:O39) -> 0 | R41: =SUM(R5:R39) -> 0 | S41: =SUM(S5:S39) -> 0 | AB41: =SUM(AB5:AB39) -> 0 | AC41: =SUM(AC5:AC39) -> 0 | AD41: =SUM(AD5:AD39) -> 0
R42: =R41/$O$41 -> #DIV/0! | S42: =S41/$O$41 -> #DIV/0!
B76: Renew ในเดือน
B77: Budget Renew | D77: =O41 -> 0
D78: =AB41 -> 0
D79: =AC41 -> 0
D80: =AD41 -> 0
D81: =SUM(D78:D80) -> 0

Sheet ต.ค.69
A3: เลขที่สัญญา | O3: ราคาเดิม | P3: GP% | Q3: ราคาใหม่ | R3: ราคาสรุป | S3: ผลต่าง | AB3: Renew 1Y | AC3: Renew 2Y | AD3: Renew Bait 3Y
S5: =R5-O5 -> 0
S6: =R6-O6 -> 0
S7: =R7-O7 -> 0
S8: =R8-O8 -> 0
S9: =R9-O9 -> 0
S10: =R10-O10 -> 0
S11: =R11-O11 -> 0
S12: =R12-O12 -> 0
S13: =R13-O13 -> 0
S14: =R14-O14 -> 0
S15: =R15-O15 -> 0
S16: =R16-O16 -> 0
... S39: =R39-O39 -> 0
O41: =SUM(O5:O39) -> 0 | R41: =SUM(R5:R39) -> 0 | S41: =SUM(S5:S39) -> 0 | AB41: =SUM(AB5:AB39) -> 0 | AC41: =SUM(AC5:AC39) -> 0 | AD41: =SUM(AD5:AD39) -> 0
R42: =R41/$O$41 -> #DIV/0! | S42: =S41/$O$41 -> #DIV/0!
B76: Renew ในเดือน
B77: Budget Renew | D77: =O41 -> 0
D78: =AB41 -> 0
D79: =AC41 -> 0
D80: =AD41 -> 0
D81: =SUM(D78:D80) -> 0

Sheet พ.ย.69
A3: เลขที่สัญญา | O3: ราคาเดิม | P3: GP% | Q3: ราคาใหม่ | R3: ราคาสรุป | S3: ผลต่าง | AB3: Renew 1Y | AC3: Renew 2Y | AD3: Renew Bait 3Y
S5: =R5-O5 -> 0
S6: =R6-O6 -> 0
S7: =R7-O7 -> 0
S8: =R8-O8 -> 0
S9: =R9-O9 -> 0
S10: =R10-O10 -> 0
S11: =R11-O11 -> 0
S12: =R12-O12 -> 0
S13: =R13-O13 -> 0
S14: =R14-O14 -> 0
S15: =R15-O15 -> 0
S16: =R16-O16 -> 0
... S39: =R39-O39 -> 0
O41: =SUM(O5:O39) -> 0 | R41: =SUM(R5:R39) -> 0 | S41: =SUM(S5:S39) -> 0 | AB41: =SUM(AB5:AB39) -> 0 | AC41: =SUM(AC5:AC39) -> 0 | AD41: =SUM(AD5:AD39) -> 0
R42: =R41/$O$41 -> #DIV/0! | S42: =S41/$O$41 -> #DIV/0!
B76: Renew ในเดือน
B77: Budget Renew | D77: =O41 -> 0
D78: =AB41 -> 0
D79: =AC41 -> 0
D80: =AD41 -> 0
D81: =SUM(D78:D80) -> 0

Sheet ธ.ค.69
A3: เลขที่สัญญา | O3: ราคาเดิม | P3: GP% | Q3: ราคาใหม่ | R3: ราคาสรุป | S3: ผลต่าง | AB3: Renew 1Y | AC3: Renew 2Y | AD3: Renew Bait 3Y
S5: =R5-O5 -> 0
S6: =R6-O6 -> 0
S7: =R7-O7 -> 0
S8: =R8-O8 -> 0
S9: =R9-O9 -> 0
S10: =R10-O10 -> 0
S11: =R11-O11 -> 0
S12: =R12-O12 -> 0
S13: =R13-O13 -> 0
S14: =R14-O14 -> 0
S15: =R15-O15 -> 0
S16: =R16-O16 -> 0
... S39: =R39-O39 -> 0
O41: =SUM(O5:O39) -> 0 | R41: =SUM(R5:R39) -> 0 | S41: =SUM(S5:S39) -> 0 | AB41: =SUM(AB5:AB39) -> 0 | AC41: =SUM(AC5:AC39) -> 0 | AD41: =SUM(AD5:AD39) -> 0
R42: =R41/$O$41 -> #DIV/0! | S42: =S41/$O$41 -> #DIV/0!
B76: Renew ในเดือน
B77: Budget Renew | D77: =O41 -> 0
D78: =AB41 -> 0
D79: =AC41 -> 0
D80: =AD41 -> 0
D81: =SUM(D78:D80) -> 0

Sheet Port26
A2: ContractNo | C2: SaleType | K2: SalesmanCode | S2: Price
K3: SYN-S1 | S3: 100000
K4: SYN-S1 | S4: 100000
K5: SYN-S1 | S5: 100000
K6: SYN-S1 | S6: 100000
K7: SYN-S1 | S7: 100000
K8: SYN-S1 | S8: 100000
K9: SYN-S1 | S9: 100000
K10: SYN-S1 | S10: 50000
K11: SYN-S1 | S11: 50000
K12: SYN-S1 | S12: 150000
K13: SYN-S1 | S13: 150000
K14: SYN-S1 | S14: 200000
... K18: SYN-S1 | S18: 100000

Sheet TOP20
